{
  "use_user_settings": false,
  "group_mining_pairs_only_with_compatible_options": true,
  "ignore_default_value_options": true,
  "general_options": [
    {
      "type": "OptionWithMultipleParameters",
      "id": "nbminer_intensity",
      "short_name": "-i",
      "long_name": "--intensity",
      "default_value": null,
      "delimiter": ","
    },
    {
      "type": "OptionWithSingleParameter",
      "id": "nbminer_intensity",
      "short_name": null,
      "long_name": "--cuckoo-intensity",
      "default_value": "0",
      "delimiter": null
    },
    {
      "type": "OptionIsParameter",
      "id": "nbminer_powerOptimize",
      "short_name": null,
      "long_name": "--cuckatoo-power-optimize",
      "default_value": null,
      "delimiter": null
    },
    {
      "type": "OptionIsParameter",
      "id": "nbminer_log",
      "short_name": null,
      "long_name": "--log",
      "default_value": null,
      "delimiter": null
    },
    {
      "type": "OptionWithSingleParameter",
      "id": "nbminer_logFile",
      "short_name": null,
      "long_name": "--log-file",
      "default_value": null,
      "delimiter": null
    },
    {
      "type": "OptionIsParameter",
      "id": "nbminer_longTimeFormat",
      "short_name": null,
      "long_name": "--long-format",
      "default_value": null,
      "delimiter": null
    },
    {
      "type": "OptionIsParameter",
      "id": "nbminer_noNvml",
      "short_name": null,
      "long_name": "--no-nvml",
      "default_value": null,
      "delimiter": null
    },
    {
      "type": "OptionWithSingleParameter",
      "id": "nbminer_fidelityTimeframe",
      "short_name": null,
      "long_name": "--fidelity-timeframe",
      "default_value": "24",
      "delimiter": null
    },
    {
      "type": "OptionWithMultipleParameters",
      "id": "nbminer_memory-tweak",
      "short_name": "--mt",
      "long_name": "--memory-tweak",
      "default_value": null,
      "delimiter": ","
    },
    {
      "type": "OptionWithSingleParameter",
      "id": "nbminer_driver",
      "short_name": null,
      "long_name": "--driver",
      "default_value": null,
      "delimiter": null
    },
    {
      "type": "OptionIsParameter",
      "id": "nbminer_verbose",
      "short_name": null,
      "long_name": "--verbose",
      "default_value": null,
      "delimiter": null
    },
    {
      "type": "OptionIsParameter",
      "id": "nbminer_noInterupt",
      "short_name": null,
      "long_name": "--no-interrupt",
      "default_value": null,
      "delimiter": null
    },
    {
      "type": "OptionIsParameter",
      "id": "nbminer_--enable-dag-cache",
      "short_name": null,
      "long_name": "--enable-dag-cache",
      "default_value": null,
      "delimiter": null
    },
    {
      "type": "OptionWithMultipleParameters",
      "id": "nbminer_lhr",
      "short_name": null,
      "long_name": "-lhr",
      "default_value": "-1",
      "delimiter": ","
    },
    {
      "type": "OptionWithSingleParameter",
      "id": "nbminer_lhrMode",
      "short_name": null,
      "long_name": "-lhr-mode",
      "default_value": null,
      "delimiter": null
    }
  ],
  "temperature_options": [
    {
      "type": "OptionWithSingleParameter",
      "id": "nbminer_tempLimit",
      "short_name": null,
      "long_name": "--temperature-limit",
      "default_value": null,
      "delimiter": null
    }
  ]
}