{
  "use_user_settings": false,
  "group_mining_pairs_only_with_compatible_options": true,
  "ignore_default_value_options": true,
  "general_options": [
    {
      "type": "OptionWithSingleParameter",
      "id": "nanominer_minHash",
      "short_name": "minHashrate=",
      "long_name": null,
      "default_value": null,
      "delimiter": null
    },
    {
      "type": "OptionWithSingleParameter",
      "id": "nanominer_noLog",
      "short_name": "noLog=",
      "long_name": null,
      "default_value": "false",
      "delimiter": null
    },
    {
      "type": "OptionWithSingleParameter",
      "id": "nanominer_logPath",
      "short_name": "logPath=",
      "long_name": null,
      "default_value": "logs/",
      "delimiter": null
    },
    {
      "type": "OptionWithMultipleParameters",
      "id": "nanominer_memTweak",
      "short_name": "memTweak=",
      "long_name": null,
      "default_value": "1",
      "delimiter": ","
    }
  ],
  "temperature_options": [
    {
      "type": "OptionWithMultipleParameters",
      "id": "nanominer_coreClocks",
      "short_name": "coreClocks=",
      "long_name": null,
      "default_value": null,
      "delimiter": ","
    },
    {
      "type": "OptionWithMultipleParameters",
      "id": "nanominer_memClocks",
      "short_name": "memClocks=",
      "long_name": null,
      "default_value": null,
      "delimiter": ","
    }
  ]
}