{
  "use_user_settings": false,
  "enable_unsafe_RAM_limits": false,
  "default_fee": 2.0,
  "algorithm_fees": null,
  "device_algorithms": {
    "AMD": [
      {
        "IDs": [
          52
        ],
        "Enabled": null,
        "ExtraLaunchParameters": null,
        "NonDefaultRAMLimit": 4294967296
      }
    ],
    "NVIDIA": [
      {
        "IDs": [
          52
        ],
        "Enabled": null,
        "ExtraLaunchParameters": null,
        "NonDefaultRAMLimit": 4294967296
      },
      {
        "IDs": [
          56
        ],
        "Enabled": null,
        "ExtraLaunchParameters": null,
        "NonDefaultRAMLimit": null
      }
    ]
  },
  "plugin_algorithm_name": {
    "KAWPOW": "Kawpow",
    "Octopus": "Octopus"
  }
}