{
  "DeviceUUID": "GPU-9ad6b8f2-9941-b6a0-9f52-7b36991a9bf2",
  "DeviceName": "NVIDIA NVIDIA GeForce RTX 3070",
  "Enabled": true,
  "MinimumProfit": 0.0,
  "TDPSettings": {
    "SettingType": "DISABLED",
    "Simple": null,
    "Percentage": null
  },
  "PluginAlgorithmSettings": [
    {
      "Name": "NanoMiner",
      "PluginUUID": "f25fee20-94eb-11ea-a64d-17be303ea466",
      "PluginVersion": "16.1",
      "AlgorithmIDs": "KAWPOW",
      "Speeds": [
        24662248.8
      ],
      "ExtraLaunchParameters": "",
      "Enabled": true,
      "PowerUsage": 169.20106779661012
    },
    {
      "Name": "NanoMiner",
      "PluginUUID": "f25fee20-94eb-11ea-a64d-17be303ea466",
      "PluginVersion": "16.1",
      "AlgorithmIDs": "Octopus",
      "Speeds": [
        46747813.0
      ],
      "ExtraLaunchParameters": "",
      "Enabled": true,
      "PowerUsage": 173.29544444444443
    },
    {
      "Name": "NBMiner",
      "PluginUUID": "f683f550-94eb-11ea-a64d-17be303ea466",
      "PluginVersion": "16.3",
      "AlgorithmIDs": "CuckooCycle",
      "Speeds": [
        8.522489176097416
      ],
      "ExtraLaunchParameters": "",
      "Enabled": true,
      "PowerUsage": 167.40867999999998
    },
    {
      "Name": "NBMiner",
      "PluginUUID": "f683f550-94eb-11ea-a64d-17be303ea466",
      "PluginVersion": "16.3",
      "AlgorithmIDs": "DaggerHashimoto",
      "Speeds": [
        50027544.07885775
      ],
      "ExtraLaunchParameters": "",
      "Enabled": true,
      "PowerUsage": 166.08385365853664
    },
    {
      "Name": "NBMiner",
      "PluginUUID": "f683f550-94eb-11ea-a64d-17be303ea466",
      "PluginVersion": "16.3",
      "AlgorithmIDs": "KAWPOW",
      "Speeds": [
        23916555.282661308
      ],
      "ExtraLaunchParameters": "",
      "Enabled": true,
      "PowerUsage": 166.24932352941178
    },
    {
      "Name": "NBMiner",
      "PluginUUID": "f683f550-94eb-11ea-a64d-17be303ea466",
      "PluginVersion": "16.3",
      "AlgorithmIDs": "BeamV3",
      "Speeds": [
        36.093814119066273
      ],
      "ExtraLaunchParameters": "",
      "Enabled": true,
      "PowerUsage": 168.61648000000002
    },
    {
      "Name": "NBMiner",
      "PluginUUID": "f683f550-94eb-11ea-a64d-17be303ea466",
      "PluginVersion": "16.3",
      "AlgorithmIDs": "Octopus",
      "Speeds": [
        45956211.131380953
      ],
      "ExtraLaunchParameters": "",
      "Enabled": true,
      "PowerUsage": 172.89597058823529
    }
  ]
}