{
  "DeviceUUID": "GPU-8bfa3c00-aee1-703a-7a22-8015d7eb24a1",
  "DeviceName": "ASUS NVIDIA GeForce RTX 2080",
  "Enabled": true,
  "MinimumProfit": 0.0,
  "TDPSettings": {
    "SettingType": "DISABLED",
    "Simple": null,
    "Percentage": null
  },
  "PluginAlgorithmSettings": [
    {
      "Name": "NanoMiner",
      "PluginUUID": "f25fee20-94eb-11ea-a64d-17be303ea466",
      "PluginVersion": "16.1",
      "AlgorithmIDs": "KAWPOW",
      "Speeds": [
        24981395.599999998
      ],
      "ExtraLaunchParameters": "",
      "Enabled": true,
      "PowerUsage": 173.40465517241381
    },
    {
      "Name": "NanoMiner",
      "PluginUUID": "f25fee20-94eb-11ea-a64d-17be303ea466",
      "PluginVersion": "16.1",
      "AlgorithmIDs": "Octopus",
      "Speeds": [
        53452703.4666667
      ],
      "ExtraLaunchParameters": "",
      "Enabled": true,
      "PowerUsage": 174.21111111111108
    },
    {
      "Name": "NBMiner",
      "PluginUUID": "f683f550-94eb-11ea-a64d-17be303ea466",
      "PluginVersion": "16.3",
      "AlgorithmIDs": "CuckooCycle",
      "Speeds": [
        8.4344288091273629
      ],
      "ExtraLaunchParameters": "",
      "Enabled": true,
      "PowerUsage": 173.98891666666665
    },
    {
      "Name": "NBMiner",
      "PluginUUID": "f683f550-94eb-11ea-a64d-17be303ea466",
      "PluginVersion": "16.3",
      "AlgorithmIDs": "DaggerHashimoto",
      "Speeds": [
        36838690.743502915
      ],
      "ExtraLaunchParameters": "",
      "Enabled": true,
      "PowerUsage": 157.79217073170736
    },
    {
      "Name": "NBMiner",
      "PluginUUID": "f683f550-94eb-11ea-a64d-17be303ea466",
      "PluginVersion": "16.3",
      "AlgorithmIDs": "KAWPOW",
      "Speeds": [
        24336994.084671427
      ],
      "ExtraLaunchParameters": "",
      "Enabled": true,
      "PowerUsage": 170.3160930232558
    },
    {
      "Name": "NBMiner",
      "PluginUUID": "f683f550-94eb-11ea-a64d-17be303ea466",
      "PluginVersion": "16.3",
      "AlgorithmIDs": "GrinCuckatoo32",
      "Speeds": [
        0.54140988202767626
      ],
      "ExtraLaunchParameters": "",
      "Enabled": true,
      "PowerUsage": 176.1262857142857
    },
    {
      "Name": "NBMiner",
      "PluginUUID": "f683f550-94eb-11ea-a64d-17be303ea466",
      "PluginVersion": "16.3",
      "AlgorithmIDs": "BeamV3",
      "Speeds": [
        29.673556222743827
      ],
      "ExtraLaunchParameters": "",
      "Enabled": true,
      "PowerUsage": 178.01366666666664
    },
    {
      "Name": "NBMiner",
      "PluginUUID": "f683f550-94eb-11ea-a64d-17be303ea466",
      "PluginVersion": "16.3",
      "AlgorithmIDs": "Octopus",
      "Speeds": [
        46111384.832170516
      ],
      "ExtraLaunchParameters": "",
      "Enabled": true,
      "PowerUsage": 176.75039393939394
    }
  ]
}