{
  "DeviceUUID": "GPU-a030021b-5a41-3b7d-9a6f-2bd0504d081f",
  "DeviceName": "EVGA NVIDIA GeForce GTX 1060 6GB",
  "Enabled": true,
  "MinimumProfit": 0.0,
  "TDPSettings": {
    "SettingType": "DISABLED",
    "Simple": null,
    "Percentage": null
  },
  "PluginAlgorithmSettings": [
    {
      "Name": "NanoMiner",
      "PluginUUID": "f25fee20-94eb-11ea-a64d-17be303ea466",
      "PluginVersion": "16.1",
      "AlgorithmIDs": "KAWPOW",
      "Speeds": [
        9285352.02
      ],
      "ExtraLaunchParameters": "",
      "Enabled": true,
      "PowerUsage": 108.63516949152546
    },
    {
      "Name": "NanoMiner",
      "PluginUUID": "f25fee20-94eb-11ea-a64d-17be303ea466",
      "PluginVersion": "16.1",
      "AlgorithmIDs": "Octopus",
      "Speeds": [
        5671925.7466666661
      ],
      "ExtraLaunchParameters": "",
      "Enabled": true,
      "PowerUsage": 111.01153333333328
    },
    {
      "Name": "NBMiner",
      "PluginUUID": "f683f550-94eb-11ea-a64d-17be303ea466",
      "PluginVersion": "16.3",
      "AlgorithmIDs": "CuckooCycle",
      "Speeds": [
        3.0961385784478757
      ],
      "ExtraLaunchParameters": "",
      "Enabled": true,
      "PowerUsage": 88.458542857142845
    },
    {
      "Name": "NBMiner",
      "PluginUUID": "f683f550-94eb-11ea-a64d-17be303ea466",
      "PluginVersion": "16.3",
      "AlgorithmIDs": "DaggerHashimoto",
      "Speeds": [
        19889554.680374432
      ],
      "ExtraLaunchParameters": "",
      "Enabled": true,
      "PowerUsage": 103.24524390243901
    },
    {
      "Name": "NBMiner",
      "PluginUUID": "f683f550-94eb-11ea-a64d-17be303ea466",
      "PluginVersion": "16.3",
      "AlgorithmIDs": "KAWPOW",
      "Speeds": [
        9588448.6360438429
      ],
      "ExtraLaunchParameters": "",
      "Enabled": true,
      "PowerUsage": 108.24231481481478
    },
    {
      "Name": "NBMiner",
      "PluginUUID": "f683f550-94eb-11ea-a64d-17be303ea466",
      "PluginVersion": "16.3",
      "AlgorithmIDs": "BeamV3",
      "Speeds": [
        11.340945249842266
      ],
      "ExtraLaunchParameters": "",
      "Enabled": true,
      "PowerUsage": 109.57027999999998
    },
    {
      "Name": "NBMiner",
      "PluginUUID": "f683f550-94eb-11ea-a64d-17be303ea466",
      "PluginVersion": "16.3",
      "AlgorithmIDs": "Octopus",
      "Speeds": [
        5318794.137317243
      ],
      "ExtraLaunchParameters": "",
      "Enabled": true,
      "PowerUsage": 112.69272727272727
    }
  ]
}