{
  "DeviceUUID": "CPU-f2c00aa4-e1e0-5fbf-9bf0-c18db1213a89",
  "DeviceName": "AMD Ryzen 5 1600X Six-Core Processor",
  "Enabled": false,
  "MinimumProfit": 0.0,
  "TDPSettings": {
    "SettingType": "UNSUPPORTED",
    "Simple": null,
    "Percentage": null
  },
  "PluginAlgorithmSettings": [
    {
      "Name": "XMRig",
      "PluginUUID": "0e0a7320-94ec-11ea-a64d-17be303ea466",
      "PluginVersion": "16.0",
      "AlgorithmIDs": "RandomXmonero",
      "Speeds": [
        1440.0309
      ],
      "ExtraLaunchParameters": "--cpu-priority 0",
      "Enabled": true,
      "PowerUsage": 0.0
    }
  ]
}